PRAGMA foreign_keys=OFF;
BEGIN TRANSACTION;
CREATE TABLE alembic_version (
	version_num VARCHAR(32) NOT NULL, 
	CONSTRAINT alembic_version_pkc PRIMARY KEY (version_num)
);
INSERT INTO alembic_version VALUES('d4c158b7668c');
CREATE TABLE configuration (
	id INTEGER NOT NULL, 
	themoviedb_api_key VARCHAR(128) NOT NULL, 
	PRIMARY KEY (id)
);
INSERT INTO configuration VALUES(1,'05902896074695709d7763505bb88b4d');
CREATE TABLE movies (
	id INTEGER NOT NULL, 
	title VARCHAR(120) NOT NULL, 
	description VARCHAR(500), 
	created_at DATETIME, 
	PRIMARY KEY (id)
);
CREATE TABLE series (
	id INTEGER NOT NULL, 
	name VARCHAR(120) NOT NULL, 
	description VARCHAR(500), 
	created_at DATETIME, 
	PRIMARY KEY (id)
);
CREATE TABLE user (
	id INTEGER NOT NULL, 
	username VARCHAR(64) NOT NULL, 
	email VARCHAR(120) NOT NULL, 
	password_hash VARCHAR(128), 
	role VARCHAR(20), 
	created_at DATETIME, 
	PRIMARY KEY (id), 
	UNIQUE (email), 
	UNIQUE (username)
);
INSERT INTO user VALUES(1,'vireapps','vireapps@gmail.com','scrypt:32768:8:1$JjXAczirWCJmdTFN$a62c568e3e144a52c9bed83c6001389bf1a28c1a653fe386abefef553c654ac6020971ac19b397c8b413865c5b920e660cea0723d2fbc970ae4961258c3b1ceb','admin','2024-10-22 23:57:24.053645');
INSERT INTO user VALUES(2,'usuario2','usuario2@usuario.com','scrypt:32768:8:1$VnFcNciVvjZPa7Hn$f1768733a016641c811a0bf4919515e164eac6104919ec46503f627ffb29894e9bf080f8e32cbd6748b54316f6e1ed7bb77adf63404e94016f49d36384bcecb6','user','2024-10-23 01:47:24.034436');
INSERT INTO user VALUES(3,'usuario3','usuario3@usuario.com','scrypt:32768:8:1$jY1uiDrkx9EETaWB$35dc785fa82f7b3aee10e7ad312aa9cbddd6b147d09faad515f5c5933e4984edb019212297bb2364fa11be34a798140b8e293f42c15a1485185abceed2992dde','user','2024-10-23 15:26:03.920657');
INSERT INTO user VALUES(4,'alvaro','alvaro@alvaro.com','scrypt:32768:8:1$jPx38EuAPIibDgaT$d78171f6cd770d2488753a3c821ed430d770680f7c870b0e875edd1065c8da19125c78132ea09f1229cd8b11397f7cb1effb04d9777c4aeb5665b35c8e2c47c8','user','2024-10-23 21:22:58.105912');
CREATE TABLE favorites (
	id INTEGER NOT NULL, 
	user_id INTEGER NOT NULL, 
	movie_id INTEGER, 
	series_id INTEGER, 
	PRIMARY KEY (id), 
	FOREIGN KEY(movie_id) REFERENCES movies (id), 
	FOREIGN KEY(series_id) REFERENCES series (id), 
	FOREIGN KEY(user_id) REFERENCES user (id)
);
INSERT INTO favorites VALUES(1,1,1184918,NULL);
INSERT INTO favorites VALUES(2,1,933260,NULL);
INSERT INTO favorites VALUES(18,1,912649,NULL);
INSERT INTO favorites VALUES(19,3,889737,NULL);
INSERT INTO favorites VALUES(20,4,1184918,NULL);
INSERT INTO favorites VALUES(21,4,945961,NULL);
INSERT INTO favorites VALUES(22,4,NULL,81329);
INSERT INTO favorites VALUES(23,4,NULL,124364);
INSERT INTO favorites VALUES(24,4,912649,NULL);
INSERT INTO favorites VALUES(25,4,1022789,NULL);
INSERT INTO favorites VALUES(26,4,533535,NULL);
INSERT INTO favorites VALUES(27,4,1079091,NULL);
INSERT INTO favorites VALUES(28,1,NULL,231962);
INSERT INTO favorites VALUES(29,1,533535,NULL);
INSERT INTO favorites VALUES(30,1,945961,NULL);
INSERT INTO favorites VALUES(31,1,NULL,138501);
CREATE TABLE pending (
	id INTEGER NOT NULL, 
	user_id INTEGER NOT NULL, 
	movie_id INTEGER, 
	series_id INTEGER, 
	PRIMARY KEY (id), 
	FOREIGN KEY(movie_id) REFERENCES movies (id), 
	FOREIGN KEY(series_id) REFERENCES series (id), 
	FOREIGN KEY(user_id) REFERENCES user (id)
);
INSERT INTO pending VALUES(2,1,1029235,NULL);
INSERT INTO pending VALUES(3,1,NULL,81329);
INSERT INTO pending VALUES(4,1,NULL,250716);
INSERT INTO pending VALUES(5,1,NULL,81329);
INSERT INTO pending VALUES(10,1,912649,NULL);
INSERT INTO pending VALUES(11,1,533535,NULL);
INSERT INTO pending VALUES(12,3,889737,NULL);
INSERT INTO pending VALUES(13,4,945961,NULL);
INSERT INTO pending VALUES(14,4,NULL,81329);
INSERT INTO pending VALUES(15,4,889737,NULL);
CREATE TABLE viewed (
	id INTEGER NOT NULL, 
	user_id INTEGER NOT NULL, 
	movie_id INTEGER, 
	series_id INTEGER, 
	PRIMARY KEY (id), 
	FOREIGN KEY(movie_id) REFERENCES movies (id), 
	FOREIGN KEY(series_id) REFERENCES series (id), 
	FOREIGN KEY(user_id) REFERENCES user (id)
);
INSERT INTO viewed VALUES(2,1,1029235,NULL);
INSERT INTO viewed VALUES(3,1,NULL,81329);
INSERT INTO viewed VALUES(4,1,NULL,250716);
INSERT INTO viewed VALUES(10,4,945961,NULL);
COMMIT;
